,precision,recall,f1-score,support
Not Potable,0.6942567567567568,0.9975728155339806,0.8187250996015938,412.0
Potable,0.984375,0.2581967213114754,0.40909090909090917,244.0
accuracy,0.7225609756097561,0.7225609756097561,0.7225609756097561,0.7225609756097561
macro avg,0.8393158783783784,0.627884768422728,0.6139080043462515,656.0
weighted avg,0.8021665911338167,0.7225609756097561,0.6663611628872538,656.0
